1,Kielce,Swietokrzyskie
2,Gdansk,Pomorskie
3,Kielce,Swietokrzyskie
4,Sosnowiec,Slaskie
5,Gdynia,Pomorskie
6,Radom,Mazowieckie
7,Czestochowa,Slaskie
8,Gdansk,Pomorskie
9,Wroclaw,Dolnoslaskie
10,Gdynia,Pomorskie
11,Czestochowa,Slaskie
12,Gdansk,Pomorskie
13,Gdansk,Pomorskie
14,Kielce,Swietokrzyskie
15,Krakow,Malopolskie
16,Czestochowa,Slaskie
17,Suwalki,Podlaskie
18,Warszawa,Mazowieckie
19,Czestochowa,Slaskie
20,Czestochowa,Slaskie
21,Kielce,Swietokrzyskie
22,Sosnowiec,Slaskie
23,Kielce,Swietokrzyskie
24,Poznan,Wielkopolskie
25,Suwalki,Podlaskie
26,Warszawa,Mazowieckie
27,Warszawa,Mazowieckie
28,Warszawa,Mazowieckie
29,Sosnowiec,Slaskie
30,Warszawa,Mazowieckie
31,Warszawa,Mazowieckie
32,Warszawa,Mazowieckie
33,Wroclaw,Dolnoslaskie
34,Radom,Mazowieckie
35,Suwalki,Podlaskie
36,Wroclaw,Dolnoslaskie
37,Radom,Mazowieckie
38,Kielce,Swietokrzyskie
39,Gdynia,Pomorskie
40,Sosnowiec,Slaskie
41,Czestochowa,Slaskie
42,Poznan,Wielkopolskie
43,Warszawa,Mazowieckie
44,Sosnowiec,Slaskie
45,Gdansk,Pomorskie
46,Czestochowa,Slaskie
47,Radom,Mazowieckie
48,Gdynia,Pomorskie
49,Wroclaw,Dolnoslaskie
50,Gdansk,Pomorskie
51,Gdansk,Pomorskie
52,Radom,Mazowieckie
53,Kielce,Swietokrzyskie
54,Kielce,Swietokrzyskie
55,Czestochowa,Slaskie
56,Wroclaw,Dolnoslaskie
57,Krakow,Malopolskie
58,Gdynia,Pomorskie
59,Poznan,Wielkopolskie
60,Suwalki,Podlaskie
61,Gdynia,Pomorskie
62,Krakow,Malopolskie
63,Sosnowiec,Slaskie
64,Kielce,Swietokrzyskie
65,Sosnowiec,Slaskie
66,Warszawa,Mazowieckie
67,Krakow,Malopolskie
68,Poznan,Wielkopolskie
69,Kielce,Swietokrzyskie
70,Czestochowa,Slaskie
71,Krakow,Malopolskie
72,Krakow,Malopolskie
73,Krakow,Malopolskie
74,Gdansk,Pomorskie
75,Gdynia,Pomorskie
76,Suwalki,Podlaskie
77,Czestochowa,Slaskie
78,Poznan,Wielkopolskie
79,Krakow,Malopolskie
80,Warszawa,Mazowieckie
81,Krakow,Malopolskie
82,Czestochowa,Slaskie
83,Suwalki,Podlaskie
84,Radom,Mazowieckie
85,Wroclaw,Dolnoslaskie
86,Poznan,Wielkopolskie
87,Wroclaw,Dolnoslaskie
88,Radom,Mazowieckie
89,Radom,Mazowieckie
90,Sosnowiec,Slaskie
91,Gdynia,Pomorskie
92,Radom,Mazowieckie
93,Gdynia,Pomorskie
94,Warszawa,Mazowieckie
95,Krakow,Malopolskie
96,Czestochowa,Slaskie
97,Gdansk,Pomorskie
98,Wroclaw,Dolnoslaskie
99,Gdansk,Pomorskie
100,Poznan,Wielkopolskie
101,Czestochowa,Slaskie
102,Suwalki,Podlaskie
103,Poznan,Wielkopolskie
104,Warszawa,Mazowieckie
105,Poznan,Wielkopolskie
106,Krakow,Malopolskie
107,Wroclaw,Dolnoslaskie
108,Sosnowiec,Slaskie
109,Poznan,Wielkopolskie
110,Wroclaw,Dolnoslaskie
111,Kielce,Swietokrzyskie
112,Poznan,Wielkopolskie
113,Kielce,Swietokrzyskie
114,Suwalki,Podlaskie
115,Poznan,Wielkopolskie
116,Suwalki,Podlaskie
117,Czestochowa,Slaskie
118,Gdansk,Pomorskie
119,Poznan,Wielkopolskie
120,Krakow,Malopolskie
121,Krakow,Malopolskie
122,Krakow,Malopolskie
123,Gdynia,Pomorskie
124,Wroclaw,Dolnoslaskie
125,Sosnowiec,Slaskie
126,Czestochowa,Slaskie
127,Krakow,Malopolskie
128,Poznan,Wielkopolskie
129,Suwalki,Podlaskie
130,Warszawa,Mazowieckie
131,Czestochowa,Slaskie
132,Suwalki,Podlaskie
133,Czestochowa,Slaskie
134,Wroclaw,Dolnoslaskie
135,Suwalki,Podlaskie
136,Warszawa,Mazowieckie
137,Radom,Mazowieckie
138,Sosnowiec,Slaskie
139,Radom,Mazowieckie
140,Kielce,Swietokrzyskie
141,Radom,Mazowieckie
142,Sosnowiec,Slaskie
143,Radom,Mazowieckie
144,Warszawa,Mazowieckie
145,Warszawa,Mazowieckie
146,Sosnowiec,Slaskie
147,Poznan,Wielkopolskie
148,Radom,Mazowieckie
149,Krakow,Malopolskie
150,Sosnowiec,Slaskie
151,Wroclaw,Dolnoslaskie
152,Kielce,Swietokrzyskie
153,Warszawa,Mazowieckie
154,Poznan,Wielkopolskie
155,Gdynia,Pomorskie
156,Kielce,Swietokrzyskie
157,Czestochowa,Slaskie
158,Gdansk,Pomorskie
159,Gdynia,Pomorskie
160,Poznan,Wielkopolskie
161,Gdansk,Pomorskie
162,Gdansk,Pomorskie
163,Radom,Mazowieckie
164,Suwalki,Podlaskie
165,Czestochowa,Slaskie
166,Kielce,Swietokrzyskie
167,Krakow,Malopolskie
168,Krakow,Malopolskie
169,Sosnowiec,Slaskie
170,Czestochowa,Slaskie
171,Gdansk,Pomorskie
172,Krakow,Malopolskie
173,Warszawa,Mazowieckie
174,Gdansk,Pomorskie
175,Warszawa,Mazowieckie
176,Wroclaw,Dolnoslaskie
177,Wroclaw,Dolnoslaskie
178,Warszawa,Mazowieckie
179,Poznan,Wielkopolskie
180,Sosnowiec,Slaskie
181,Suwalki,Podlaskie
182,Sosnowiec,Slaskie
183,Wroclaw,Dolnoslaskie
184,Radom,Mazowieckie
185,Gdynia,Pomorskie
186,Kielce,Swietokrzyskie
187,Wroclaw,Dolnoslaskie
188,Wroclaw,Dolnoslaskie
189,Krakow,Malopolskie
190,Radom,Mazowieckie
191,Wroclaw,Dolnoslaskie
192,Warszawa,Mazowieckie
193,Radom,Mazowieckie
194,Czestochowa,Slaskie
195,Warszawa,Mazowieckie
196,Sosnowiec,Slaskie
197,Warszawa,Mazowieckie
198,Krakow,Malopolskie
199,Wroclaw,Dolnoslaskie
200,Wroclaw,Dolnoslaskie
201,Wroclaw,Dolnoslaskie
202,Suwalki,Podlaskie
203,Kielce,Swietokrzyskie
204,Czestochowa,Slaskie
205,Warszawa,Mazowieckie
206,Gdynia,Pomorskie
207,Warszawa,Mazowieckie
208,Czestochowa,Slaskie
209,Radom,Mazowieckie
210,Kielce,Swietokrzyskie
211,Poznan,Wielkopolskie
212,Krakow,Malopolskie
213,Warszawa,Mazowieckie
214,Kielce,Swietokrzyskie
215,Warszawa,Mazowieckie
216,Warszawa,Mazowieckie
217,Czestochowa,Slaskie
218,Poznan,Wielkopolskie
219,Suwalki,Podlaskie
220,Suwalki,Podlaskie
221,Warszawa,Mazowieckie
222,Poznan,Wielkopolskie
223,Czestochowa,Slaskie
224,Poznan,Wielkopolskie
225,Krakow,Malopolskie
226,Gdynia,Pomorskie
227,Wroclaw,Dolnoslaskie
228,Wroclaw,Dolnoslaskie
229,Poznan,Wielkopolskie
230,Suwalki,Podlaskie
231,Sosnowiec,Slaskie
232,Sosnowiec,Slaskie
233,Kielce,Swietokrzyskie
234,Wroclaw,Dolnoslaskie
235,Krakow,Malopolskie
236,Wroclaw,Dolnoslaskie
237,Poznan,Wielkopolskie
238,Warszawa,Mazowieckie
239,Suwalki,Podlaskie
240,Gdansk,Pomorskie
241,Radom,Mazowieckie
242,Radom,Mazowieckie
243,Radom,Mazowieckie
244,Radom,Mazowieckie
245,Sosnowiec,Slaskie
246,Radom,Mazowieckie
247,Gdynia,Pomorskie
248,Radom,Mazowieckie
249,Wroclaw,Dolnoslaskie
250,Suwalki,Podlaskie
251,Warszawa,Mazowieckie
252,Warszawa,Mazowieckie
253,Poznan,Wielkopolskie
254,Wroclaw,Dolnoslaskie
255,Krakow,Malopolskie
256,Czestochowa,Slaskie
257,Krakow,Malopolskie
258,Suwalki,Podlaskie
259,Gdansk,Pomorskie
260,Gdansk,Pomorskie
261,Warszawa,Mazowieckie
262,Sosnowiec,Slaskie
263,Radom,Mazowieckie
264,Krakow,Malopolskie
265,Sosnowiec,Slaskie
266,Radom,Mazowieckie
267,Poznan,Wielkopolskie
268,Warszawa,Mazowieckie
269,Poznan,Wielkopolskie
270,Czestochowa,Slaskie
271,Suwalki,Podlaskie
272,Poznan,Wielkopolskie
273,Wroclaw,Dolnoslaskie
274,Kielce,Swietokrzyskie
275,Sosnowiec,Slaskie
276,Radom,Mazowieckie
277,Suwalki,Podlaskie
278,Radom,Mazowieckie
279,Gdansk,Pomorskie
280,Gdansk,Pomorskie
281,Wroclaw,Dolnoslaskie
282,Sosnowiec,Slaskie
283,Warszawa,Mazowieckie
284,Poznan,Wielkopolskie
285,Kielce,Swietokrzyskie
286,Wroclaw,Dolnoslaskie
287,Gdansk,Pomorskie
288,Poznan,Wielkopolskie
289,Czestochowa,Slaskie
290,Sosnowiec,Slaskie
291,Krakow,Malopolskie
292,Krakow,Malopolskie
293,Sosnowiec,Slaskie
294,Czestochowa,Slaskie
295,Czestochowa,Slaskie
296,Gdansk,Pomorskie
297,Krakow,Malopolskie
298,Wroclaw,Dolnoslaskie
299,Radom,Mazowieckie
300,Poznan,Wielkopolskie
301,Czestochowa,Slaskie
302,Sosnowiec,Slaskie
303,Krakow,Malopolskie
304,Radom,Mazowieckie
305,Wroclaw,Dolnoslaskie
306,Gdynia,Pomorskie
307,Krakow,Malopolskie
308,Gdynia,Pomorskie
309,Kielce,Swietokrzyskie
310,Sosnowiec,Slaskie
311,Krakow,Malopolskie
312,Suwalki,Podlaskie
313,Suwalki,Podlaskie
314,Krakow,Malopolskie
315,Suwalki,Podlaskie
316,Gdynia,Pomorskie
317,Sosnowiec,Slaskie
318,Radom,Mazowieckie
319,Wroclaw,Dolnoslaskie
320,Gdynia,Pomorskie
321,Poznan,Wielkopolskie
322,Wroclaw,Dolnoslaskie
323,Kielce,Swietokrzyskie
324,Gdansk,Pomorskie
325,Warszawa,Mazowieckie
326,Radom,Mazowieckie
327,Suwalki,Podlaskie
328,Radom,Mazowieckie
329,Krakow,Malopolskie
330,Gdansk,Pomorskie
331,Poznan,Wielkopolskie
332,Krakow,Malopolskie
333,Poznan,Wielkopolskie
334,Warszawa,Mazowieckie
335,Suwalki,Podlaskie
336,Wroclaw,Dolnoslaskie
337,Radom,Mazowieckie
338,Radom,Mazowieckie
339,Poznan,Wielkopolskie
340,Gdynia,Pomorskie
341,Kielce,Swietokrzyskie
342,Gdynia,Pomorskie
343,Warszawa,Mazowieckie
344,Gdynia,Pomorskie
345,Krakow,Malopolskie
346,Wroclaw,Dolnoslaskie
347,Radom,Mazowieckie
348,Wroclaw,Dolnoslaskie
349,Suwalki,Podlaskie
350,Gdansk,Pomorskie
351,Radom,Mazowieckie
352,Gdansk,Pomorskie
353,Krakow,Malopolskie
354,Gdynia,Pomorskie
355,Czestochowa,Slaskie
356,Radom,Mazowieckie
357,Poznan,Wielkopolskie
358,Gdansk,Pomorskie
359,Krakow,Malopolskie
360,Krakow,Malopolskie
361,Wroclaw,Dolnoslaskie
362,Poznan,Wielkopolskie
363,Radom,Mazowieckie
364,Warszawa,Mazowieckie
365,Krakow,Malopolskie
366,Gdynia,Pomorskie
367,Gdansk,Pomorskie
368,Gdansk,Pomorskie
369,Poznan,Wielkopolskie
370,Poznan,Wielkopolskie
371,Wroclaw,Dolnoslaskie
372,Poznan,Wielkopolskie
373,Poznan,Wielkopolskie
374,Suwalki,Podlaskie
375,Sosnowiec,Slaskie
376,Krakow,Malopolskie
377,Poznan,Wielkopolskie
378,Czestochowa,Slaskie
379,Krakow,Malopolskie
380,Sosnowiec,Slaskie
381,Warszawa,Mazowieckie
382,Poznan,Wielkopolskie
383,Sosnowiec,Slaskie
384,Warszawa,Mazowieckie
385,Kielce,Swietokrzyskie
386,Suwalki,Podlaskie
387,Sosnowiec,Slaskie
388,Suwalki,Podlaskie
389,Gdynia,Pomorskie
390,Radom,Mazowieckie
391,Radom,Mazowieckie
392,Czestochowa,Slaskie
393,Wroclaw,Dolnoslaskie
394,Czestochowa,Slaskie
395,Sosnowiec,Slaskie
396,Gdansk,Pomorskie
397,Poznan,Wielkopolskie
398,Warszawa,Mazowieckie
399,Krakow,Malopolskie
400,Sosnowiec,Slaskie
401,Radom,Mazowieckie
402,Wroclaw,Dolnoslaskie
403,Warszawa,Mazowieckie
404,Gdynia,Pomorskie
405,Krakow,Malopolskie
406,Wroclaw,Dolnoslaskie
407,Czestochowa,Slaskie
408,Sosnowiec,Slaskie
409,Poznan,Wielkopolskie
410,Kielce,Swietokrzyskie
411,Gdynia,Pomorskie
412,Warszawa,Mazowieckie
413,Kielce,Swietokrzyskie
414,Warszawa,Mazowieckie
415,Suwalki,Podlaskie
416,Czestochowa,Slaskie
417,Gdynia,Pomorskie
418,Poznan,Wielkopolskie
419,Poznan,Wielkopolskie
420,Gdynia,Pomorskie
421,Gdansk,Pomorskie
422,Krakow,Malopolskie
423,Czestochowa,Slaskie
424,Wroclaw,Dolnoslaskie
425,Czestochowa,Slaskie
426,Sosnowiec,Slaskie
427,Wroclaw,Dolnoslaskie
428,Krakow,Malopolskie
429,Sosnowiec,Slaskie
430,Sosnowiec,Slaskie
431,Kielce,Swietokrzyskie
432,Czestochowa,Slaskie
433,Wroclaw,Dolnoslaskie
434,Kielce,Swietokrzyskie
435,Kielce,Swietokrzyskie
436,Poznan,Wielkopolskie
437,Gdynia,Pomorskie
438,Suwalki,Podlaskie
439,Krakow,Malopolskie
440,Radom,Mazowieckie
441,Gdynia,Pomorskie
442,Radom,Mazowieckie
443,Gdynia,Pomorskie
444,Radom,Mazowieckie
445,Radom,Mazowieckie
446,Radom,Mazowieckie
447,Gdansk,Pomorskie
448,Krakow,Malopolskie
449,Kielce,Swietokrzyskie
450,Radom,Mazowieckie
451,Wroclaw,Dolnoslaskie
452,Suwalki,Podlaskie
453,Radom,Mazowieckie
454,Warszawa,Mazowieckie
455,Radom,Mazowieckie
456,Warszawa,Mazowieckie
457,Warszawa,Mazowieckie
458,Radom,Mazowieckie
459,Sosnowiec,Slaskie
460,Poznan,Wielkopolskie
461,Poznan,Wielkopolskie
462,Kielce,Swietokrzyskie
463,Radom,Mazowieckie
464,Radom,Mazowieckie
465,Sosnowiec,Slaskie
466,Wroclaw,Dolnoslaskie
467,Poznan,Wielkopolskie
468,Gdansk,Pomorskie
469,Kielce,Swietokrzyskie
470,Czestochowa,Slaskie
471,Czestochowa,Slaskie
472,Krakow,Malopolskie
473,Suwalki,Podlaskie
474,Kielce,Swietokrzyskie
475,Radom,Mazowieckie
476,Gdansk,Pomorskie
477,Wroclaw,Dolnoslaskie
478,Gdansk,Pomorskie
479,Sosnowiec,Slaskie
480,Kielce,Swietokrzyskie
481,Warszawa,Mazowieckie
482,Poznan,Wielkopolskie
483,Radom,Mazowieckie
484,Wroclaw,Dolnoslaskie
485,Poznan,Wielkopolskie
486,Gdynia,Pomorskie
487,Wroclaw,Dolnoslaskie
488,Warszawa,Mazowieckie
489,Sosnowiec,Slaskie
490,Sosnowiec,Slaskie
491,Gdansk,Pomorskie
492,Radom,Mazowieckie
493,Krakow,Malopolskie
494,Warszawa,Mazowieckie
495,Kielce,Swietokrzyskie
496,Warszawa,Mazowieckie
497,Warszawa,Mazowieckie
498,Warszawa,Mazowieckie
499,Poznan,Wielkopolskie
500,Kielce,Swietokrzyskie
