1,Agata,Lewandowski,99111468896
2,Sebastian,Kaczmarek,56322466294
3,Lucyfer,Wojcik,39091052074
4,Norbert,Dudek,853691806
5,Lukasz,Mazur,36272318579
6,Lucyfer,Krawczyk,48060892652
7,Andrzej,Mazur,67120823096
8,Pawel,Wojcik,22010902879
9,Andrzej,Krawczyk,48030171158
10,Jan,Gajda,853691806
11,Michal,Wozniak,48060892652
12,Norbert,Wozniak,43072046291
13,Lukasz,Wozniak,48060892652
14,Marian,Krawczyk,47111730457
15,Bartosz,Krakowiak,38320961931
16,Kamil,Kaczmarek,39091052074
17,Kamil,Mazur,22010902879
18,Andrzej,Lewandowski,78120854610
19,Piotr,Kozera,38320961931
20,Lukasz,Adamczyk,64040160834
21,Agnieszka,Kozera,45120300618
22,Piotr,Kaczmarek,25010343055
23,Zofia,Krakowiak,85090340191
24,Kamil,Lewandowski,43072046291
25,Agata,Kowalczyk,58111468817
26,Marian,Krakowiak,25010343055
27,Pawel,Kowalczyk,82101324818
28,Marian,Krakowiak,62042600811
29,Michal,Krawczyk,77021038475
30,Zofia,Dudek,69052519410
31,Sebastian,Krawczyk,77090259016
32,Andrzej,Lewandowski,47111730457
33,Marian,Nowak,64040160834
34,Alicja,Malysz,48060892652
35,Piotr,Mazur,67071636099
36,Alicja,Krawczyk,11082189415
37,Sylwia,Dudek,77021038475
38,Marian,Wozniak,36272318579
39,Bartosz,Kozera,69071595338
40,Marian,Krakowiak,68053023915
41,Agnieszka,Wozniak,36272318579
42,Michal,Wojcik,62042600811
43,Kamil,Krakowiak,36272318579
44,Alicja,Lewandowski,45120300618
45,Bartosz,Kozera,16261005618
46,Norbert,Nowak,27100746658
47,Bartosz,Nowak,22010902879
48,Sebastian,Krakowiak,43072046291
49,Andrzej,Nowak,36081051791
50,Kamil,Krawczyk,67071636099
51,Bartosz,Mazur,10242303254
52,Alicja,Kozera,853691806
53,Bartosz,Malysz,48060892652
54,Zofia,Gajda,38320961931
55,Pawel,Kowalski,16261005618
56,Jan,Kozera,16261005618
57,Kamil,Wozniak,48060892652
58,Marian,Gajda,55021244018
59,Michal,Kowalczyk,11312940177
60,Lucyfer,Kozera,82101324818
61,Piotr,Krawczyk,58111468817
62,Michal,Malysz,77021038475
63,Alicja,Gajda,2723579
64,Jan,Kowalski,48060892652
65,Lukasz,Gajda,45120300618
66,Bartosz,Kowalski,69071595338
67,Piotr,Wojcik,99111468896
68,Alicja,Mazur,43072046291
69,Sebastian,Gajda,25010343055
70,Zofia,Dudek,22010902879
71,Bartosz,Mazur,55021244018
72,Agnieszka,Dudek,43072046291
73,Alicja,Wojcik,48060892652
74,Lucyfer,Gajda,82101324818
75,Michal,Kowalski,48030171158
76,Lukasz,Wojcik,67071636099
77,Lukasz,Mazur,43072046291
78,Lucyfer,Lewandowski,75211831892
79,Marian,Kowalski,48030171158
80,Lucyfer,Wozniak,36081051791
81,Michal,Krawczyk,67120823096
82,Lukasz,Lewandowski,98070776673
83,Agata,Kaczmarek,2723579
84,Pawel,Wozniak,10242303254
85,Agata,Dudek,69052519410
86,Agnieszka,Kaczmarek,36081051791
87,Lucyfer,Gajda,27100746658
88,Marian,Krakowiak,22010902879
89,Agnieszka,Mazur,68053023915
90,Kamil,Wojcik,58111468817
91,Sylwia,Wozniak,64040160834
92,Norbert,Lewandowski,48030171158
93,Marian,Gajda,22010902879
94,Agata,Krawczyk,58111468817
95,Alicja,Wozniak,85022448814
96,Piotr,Lewandowski,27100746658
97,Sebastian,Kaczmarek,36272318579
98,Michal,Wojcik,75211831892
99,Andrzej,Mazur,48030171158
100,Zofia,Nowak,10242303254
101,Andrzej,Mazur,67071636099
102,Sylwia,Kaczmarek,38320961931
103,Norbert,Wozniak,69052519410
104,Pawel,Dudek,85090340191
105,Andrzej,Kowalski,45120300618
106,Piotr,Malysz,78120854610
107,Andrzej,Malysz,69071595338
108,Sylwia,Lewandowski,47111730457
109,Sylwia,Nowak,11082189415
110,Agnieszka,Kaczmarek,77021038475
111,Piotr,Krawczyk,25010343055
112,Kamil,Lewandowski,14062526251
113,Piotr,Nowak,39091052074
114,Kamil,Nowak,36081051791
115,Agata,Gajda,36081051791
116,Jan,Wojcik,85022448814
117,Andrzej,Krawczyk,98070776673
118,Pawel,Malysz,75211831892
119,Michal,Gajda,43072046291
120,Agata,Gajda,64040160834
121,Piotr,Dudek,25010343055
122,Sylwia,Kowalczyk,67120823096
123,Alicja,Dudek,853691806
124,Sylwia,Krawczyk,22010902879
125,Marian,Kozera,99111468896
126,Kamil,Gajda,64040160834
127,Michal,Nowak,38320961931
128,Lukasz,Krawczyk,11312940177
129,Alicja,Kowalczyk,56322466294
130,Agata,Dudek,55021244018
131,Marian,Lewandowski,45021953014
132,Lukasz,Mazur,82101324818
133,Pawel,Mazur,22010902879
134,Agata,Kaczmarek,67071636099
135,Michal,Wojcik,2723579
136,Alicja,Krakowiak,67071636099
137,Andrzej,Krakowiak,45120300618
138,Norbert,Wozniak,77090259016
139,Piotr,Nowak,38320961931
140,Alicja,Kowalski,48060892652
141,Sylwia,Wojcik,69071595338
142,Agnieszka,Kozera,11312940177
143,Sylwia,Gajda,77021038475
144,Sebastian,Kowalczyk,45021953014
145,Lucyfer,Malysz,85022448814
146,Lukasz,Mazur,39091052074
147,Jan,Malysz,2723579
148,Agnieszka,Dudek,58111468817
149,Sylwia,Adamczyk,82101324818
150,Andrzej,Nowak,64040160834
151,Agnieszka,Nowak,64040160834
152,Piotr,Krakowiak,853691806
153,Kamil,Wozniak,47111730457
154,Agnieszka,Dudek,85022448814
155,Agnieszka,Gajda,69052519410
156,Andrzej,Wozniak,78120854610
157,Kamil,Krakowiak,77021038475
158,Lukasz,Wojcik,11082189415
159,Agata,Kaczmarek,98070776673
160,Norbert,Wojcik,16261005618
161,Lukasz,Krakowiak,67120823096
162,Pawel,Mazur,22010902879
163,Michal,Nowak,11312940177
164,Bartosz,Kowalczyk,82101324818
165,Lukasz,Krakowiak,47111730457
166,Sebastian,Kaczmarek,45050211455
167,Agnieszka,Dudek,85022448814
168,Michal,Mazur,48060892652
169,Jan,Kaczmarek,75211831892
170,Andrzej,Kaczmarek,77021038475
171,Agnieszka,Lewandowski,69071595338
172,Marian,Adamczyk,98070776673
173,Alicja,Nowak,36081051791
174,Piotr,Krakowiak,45120300618
175,Agnieszka,Kowalczyk,43072046291
176,Kamil,Kowalski,55021244018
177,Marian,Kowalski,69052519410
178,Sylwia,Lewandowski,69052519410
179,Norbert,Nowak,82101324818
180,Kamil,Malysz,47111730457
181,Jan,Kozera,16261005618
182,Sylwia,Kowalski,58111468817
183,Alicja,Mazur,45021953014
184,Lukasz,Lewandowski,77021038475
185,Lucyfer,Lewandowski,2723579
186,Kamil,Krawczyk,98070776673
187,Zofia,Gajda,22010902879
188,Sylwia,Malysz,68053023915
189,Sylwia,Krawczyk,14062526251
190,Andrzej,Kowalczyk,69071595338
191,Bartosz,Kaczmarek,75211831892
192,Norbert,Nowak,853691806
193,Sebastian,Lewandowski,36272318579
194,Norbert,Gajda,22010902879
195,Jan,Adamczyk,45050211455
196,Marian,Nowak,69052519410
197,Pawel,Kowalski,14062526251
198,Lukasz,Nowak,77021038475
199,Sylwia,Mazur,47111730457
200,Sylwia,Lewandowski,45120300618
201,Andrzej,Dudek,38320961931
202,Piotr,Malysz,98070776673
203,Agata,Kowalski,45021953014
204,Lucyfer,Wozniak,45050211455
205,Kamil,Kaczmarek,56322466294
206,Zofia,Malysz,45050211455
207,Kamil,Wojcik,14062526251
208,Piotr,Kozera,75211831892
209,Sylwia,Kowalski,22010902879
210,Zofia,Kowalski,14062526251
211,Michal,Krawczyk,11082189415
212,Marian,Gajda,38320961931
213,Agata,Krakowiak,11082189415
214,Marian,Krakowiak,45021953014
215,Zofia,Dudek,77021038475
216,Pawel,Krakowiak,67120823096
217,Marian,Kowalski,78120854610
218,Agata,Kowalski,36272318579
219,Piotr,Krawczyk,14062526251
220,Norbert,Gajda,58111468817
221,Alicja,Lewandowski,39091052074
222,Agnieszka,Lewandowski,64040160834
223,Sylwia,Wojcik,48060892652
224,Bartosz,Kowalski,36081051791
225,Sylwia,Kowalski,47111730457
226,Lukasz,Kozera,77090259016
227,Norbert,Krakowiak,2723579
228,Agnieszka,Kaczmarek,56322466294
229,Pawel,Mazur,67071636099
230,Jan,Kaczmarek,36081051791
231,Lucyfer,Gajda,67120823096
232,Sylwia,Wojcik,36081051791
233,Agnieszka,Kowalczyk,43072046291
234,Marian,Wozniak,22010902879
235,Michal,Adamczyk,10242303254
236,Agata,Nowak,85090340191
237,Bartosz,Kowalski,36272318579
238,Zofia,Kowalczyk,69071595338
239,Pawel,Adamczyk,62042600811
240,Norbert,Dudek,36272318579
241,Lucyfer,Nowak,75211831892
242,Pawel,Wojcik,16261005618
243,Pawel,Kozera,77021038475
244,Sebastian,Mazur,99111468896
245,Sylwia,Wozniak,47111730457
246,Marian,Adamczyk,69052519410
247,Andrzej,Krawczyk,14062526251
248,Michal,Mazur,27100746658
249,Lukasz,Mazur,38320961931
250,Lucyfer,Kozera,77021038475
251,Jan,Kowalczyk,45120300618
252,Agata,Kowalski,16261005618
253,Kamil,Lewandowski,58111468817
254,Agnieszka,Lewandowski,45050211455
255,Jan,Kowalczyk,16261005618
256,Kamil,Dudek,45021953014
257,Lucyfer,Krakowiak,22010902879
258,Sebastian,Kozera,69052519410
259,Sebastian,Wozniak,11082189415
260,Pawel,Kowalczyk,68053023915
261,Agnieszka,Malysz,78120854610
262,Piotr,Kaczmarek,78120854610
263,Jan,Gajda,22010902879
264,Andrzej,Dudek,75211831892
265,Lucyfer,Kowalczyk,85022448814
266,Alicja,Kowalczyk,16261005618
267,Marian,Gajda,48060892652
268,Zofia,Lewandowski,85022448814
269,Marian,Kozera,48030171158
270,Alicja,Krawczyk,25010343055
271,Lukasz,Dudek,58111468817
272,Piotr,Kozera,36272318579
273,Agnieszka,Krakowiak,56322466294
274,Sylwia,Lewandowski,36081051791
275,Marian,Gajda,64040160834
276,Pawel,Gajda,11312940177
277,Piotr,Gajda,85090340191
278,Piotr,Adamczyk,82101324818
279,Norbert,Dudek,36081051791
280,Michal,Lewandowski,77090259016
281,Jan,Adamczyk,99111468896
282,Jan,Kozera,48060892652
283,Kamil,Kaczmarek,2723579
284,Andrzej,Krawczyk,2723579
285,Sebastian,Kaczmarek,38320961931
286,Michal,Kowalski,64040160834
287,Pawel,Gajda,48060892652
288,Sylwia,Mazur,55021244018
289,Andrzej,Krawczyk,45050211455
290,Agata,Nowak,36081051791
291,Michal,Nowak,22010902879
292,Michal,Nowak,58111468817
293,Lukasz,Kowalski,45050211455
294,Norbert,Lewandowski,853691806
295,Kamil,Krawczyk,69052519410
296,Jan,Malysz,69071595338
297,Marian,Kowalczyk,58111468817
298,Andrzej,Nowak,85090340191
299,Andrzej,Krakowiak,43072046291
300,Lukasz,Kowalski,25010343055
301,Piotr,Nowak,69052519410
302,Norbert,Wozniak,38320961931
303,Alicja,Wozniak,99111468896
304,Bartosz,Malysz,36081051791
305,Jan,Kowalski,48060892652
306,Agnieszka,Adamczyk,48060892652
307,Sylwia,Kozera,11312940177
308,Lukasz,Mazur,45120300618
309,Marian,Krakowiak,55021244018
310,Andrzej,Kozera,11082189415
311,Lucyfer,Adamczyk,64040160834
312,Agata,Dudek,62042600811
313,Sebastian,Krawczyk,99111468896
314,Agnieszka,Adamczyk,11082189415
315,Marian,Nowak,62042600811
316,Piotr,Wojcik,98070776673
317,Sebastian,Gajda,55021244018
318,Jan,Nowak,99111468896
319,Michal,Adamczyk,75211831892
320,Norbert,Adamczyk,22010902879
321,Sylwia,Adamczyk,45120300618
322,Lukasz,Nowak,69052519410
323,Marian,Krawczyk,98070776673
324,Zofia,Mazur,69052519410
325,Alicja,Dudek,38320961931
326,Pawel,Dudek,45021953014
327,Bartosz,Malysz,2723579
328,Andrzej,Lewandowski,11312940177
329,Lucyfer,Wojcik,2723579
330,Michal,Wojcik,85022448814
331,Sylwia,Mazur,85022448814
332,Pawel,Kowalczyk,2723579
333,Agata,Mazur,11312940177
334,Agata,Lewandowski,2723579
335,Piotr,Malysz,14062526251
336,Norbert,Dudek,85090340191
337,Zofia,Krawczyk,47111730457
338,Piotr,Lewandowski,11082189415
339,Bartosz,Adamczyk,58111468817
340,Bartosz,Dudek,75211831892
341,Jan,Kowalski,77090259016
342,Bartosz,Mazur,11082189415
343,Zofia,Kowalski,38320961931
344,Sylwia,Gajda,85022448814
345,Michal,Nowak,77090259016
346,Kamil,Krakowiak,45021953014
347,Lucyfer,Gajda,39091052074
348,Pawel,Lewandowski,69071595338
349,Kamil,Nowak,78120854610
350,Zofia,Wojcik,69071595338
351,Michal,Krawczyk,56322466294
352,Zofia,Kaczmarek,36081051791
353,Sebastian,Wozniak,39091052074
354,Sylwia,Lewandowski,67071636099
355,Lukasz,Kaczmarek,75211831892
356,Zofia,Lewandowski,25010343055
357,Sylwia,Kaczmarek,27100746658
358,Jan,Kaczmarek,78120854610
359,Andrzej,Krawczyk,99111468896
360,Norbert,Lewandowski,11082189415
361,Norbert,Kaczmarek,11082189415
362,Piotr,Kowalski,14062526251
363,Andrzej,Kozera,43072046291
364,Bartosz,Wojcik,58111468817
365,Agata,Wojcik,853691806
366,Lucyfer,Wozniak,58111468817
367,Agata,Mazur,43072046291
368,Lukasz,Lewandowski,77090259016
369,Alicja,Kowalski,11082189415
370,Alicja,Mazur,77090259016
371,Norbert,Mazur,2723579
372,Piotr,Adamczyk,39091052074
373,Lucyfer,Wojcik,45050211455
374,Lucyfer,Krakowiak,11312940177
375,Lukasz,Krakowiak,27100746658
376,Andrzej,Adamczyk,36081051791
377,Piotr,Nowak,38320961931
378,Zofia,Nowak,56322466294
379,Piotr,Mazur,85090340191
380,Bartosz,Nowak,45050211455
381,Zofia,Mazur,56322466294
382,Alicja,Nowak,43072046291
383,Alicja,Krakowiak,36081051791
384,Piotr,Malysz,22010902879
385,Piotr,Lewandowski,10242303254
386,Kamil,Kaczmarek,77021038475
387,Michal,Dudek,45120300618
388,Pawel,Adamczyk,47111730457
389,Zofia,Kowalczyk,48030171158
390,Pawel,Mazur,67120823096
391,Pawel,Lewandowski,14062526251
392,Michal,Dudek,82101324818
393,Norbert,Wojcik,69071595338
394,Lucyfer,Malysz,98070776673
395,Michal,Adamczyk,67071636099
396,Jan,Wozniak,43072046291
397,Agnieszka,Lewandowski,14062526251
398,Agnieszka,Kowalski,77021038475
399,Bartosz,Kaczmarek,77021038475
400,Agnieszka,Adamczyk,36081051791
401,Lukasz,Krakowiak,16261005618
402,Piotr,Kozera,82101324818
403,Piotr,Krakowiak,69071595338
404,Sebastian,Nowak,48030171158
405,Marian,Wozniak,78120854610
406,Michal,Krakowiak,77090259016
407,Agata,Gajda,14062526251
408,Agata,Malysz,64040160834
409,Alicja,Krawczyk,36081051791
410,Agata,Wozniak,22010902879
411,Sebastian,Gajda,36272318579
412,Michal,Kowalski,36081051791
413,Marian,Wozniak,11082189415
414,Zofia,Kozera,67120823096
415,Lucyfer,Wozniak,36272318579
416,Norbert,Lewandowski,68053023915
417,Andrzej,Wozniak,10242303254
418,Lukasz,Wozniak,67071636099
419,Andrzej,Kozera,67120823096
420,Sebastian,Adamczyk,48030171158
421,Jan,Wozniak,77021038475
422,Sylwia,Kaczmarek,45050211455
423,Agnieszka,Krawczyk,47111730457
424,Lucyfer,Mazur,68053023915
425,Agata,Kowalczyk,55021244018
426,Sylwia,Kozera,69052519410
427,Kamil,Dudek,11312940177
428,Bartosz,Dudek,39091052074
429,Agata,Kowalski,11082189415
430,Michal,Dudek,2723579
431,Kamil,Krakowiak,25010343055
432,Norbert,Wojcik,69052519410
433,Andrzej,Wojcik,11082189415
434,Lukasz,Adamczyk,58111468817
435,Pawel,Kowalski,22010902879
436,Sebastian,Gajda,98070776673
437,Lucyfer,Malysz,77090259016
438,Pawel,Kowalski,68053023915
439,Sylwia,Kowalczyk,11312940177
440,Agnieszka,Malysz,85090340191
441,Sebastian,Kowalczyk,14062526251
442,Agnieszka,Dudek,64040160834
443,Andrzej,Malysz,11312940177
444,Alicja,Kowalski,14062526251
445,Lukasz,Gajda,25010343055
446,Michal,Kowalski,85090340191
447,Marian,Kaczmarek,48060892652
448,Agata,Krawczyk,45021953014
449,Andrzej,Wozniak,36081051791
450,Agata,Adamczyk,45050211455
451,Agata,Lewandowski,99111468896
452,Bartosz,Wojcik,11082189415
453,Piotr,Gajda,69071595338
454,Agnieszka,Kowalski,69071595338
455,Kamil,Krakowiak,64040160834
456,Kamil,Krakowiak,14062526251
457,Sylwia,Wojcik,55021244018
458,Pawel,Krawczyk,56322466294
459,Bartosz,Krawczyk,55021244018
460,Jan,Kaczmarek,14062526251
461,Lucyfer,Krakowiak,67120823096
462,Lucyfer,Gajda,38320961931
463,Agnieszka,Kozera,22010902879
464,Alicja,Dudek,56322466294
465,Alicja,Nowak,43072046291
466,Alicja,Mazur,85090340191
467,Sylwia,Adamczyk,85022448814
468,Pawel,Kowalczyk,48030171158
469,Kamil,Wojcik,36081051791
470,Jan,Adamczyk,36272318579
471,Pawel,Wozniak,68053023915
472,Lucyfer,Dudek,77021038475
473,Jan,Kowalski,45050211455
474,Zofia,Malysz,67071636099
475,Agnieszka,Kowalski,67071636099
476,Jan,Kaczmarek,10242303254
477,Bartosz,Kaczmarek,82101324818
478,Michal,Krakowiak,36272318579
479,Michal,Wojcik,99111468896
480,Norbert,Malysz,36081051791
481,Sebastian,Wozniak,43072046291
482,Michal,Nowak,48030171158
483,Michal,Kowalczyk,10242303254
484,Sylwia,Adamczyk,48030171158
485,Sebastian,Mazur,69071595338
486,Jan,Wozniak,48030171158
487,Sylwia,Kaczmarek,36081051791
488,Agnieszka,Kowalski,58111468817
489,Agata,Kaczmarek,2723579
490,Bartosz,Gajda,45120300618
491,Agata,Krakowiak,56322466294
492,Alicja,Mazur,48030171158
493,Agata,Krawczyk,56322466294
494,Sylwia,Malysz,47111730457
495,Alicja,Krawczyk,22010902879
496,Jan,Kozera,14062526251
497,Jan,Adamczyk,85090340191
498,Marian,Kowalski,77021038475
499,Lukasz,Kozera,62042600811
500,Sylwia,Krakowiak,45120300618
